paper_id-input,sample_id-input,page_number-input,input_image_location-input,section_instruction-input,context-input,input_text_parsed-input,explanation-output,final_answer-output,final_answer_range-output,category-input,GPT4_reasoning,GPT4_ans,GPT4_response
9cf83db6-9bdb-5567-babd-e7d10b24d34b,q1,1,['q1_0_c1.png'],,['c1.png'],,,B,A-D,,"The pattern in the series is an increment by increasing odd numbers. The difference between the numbers is as follows: 24-12=12, 37-24=13, 51-37=14, 66-51=15. The next difference should be 16, since 12, 13, 14, and 15 are consecutive odd numbers. Adding 16 to the last number, 66+16=82. Therefore, the next number in the series is 82.",b,"{'question': '12, 24, 37, 51, 66, ?', 'choices': ['72', '82', '84', '74'], 'answer': 'b', 'explanation': 'The pattern in the series is an increment by increasing odd numbers. The difference between the numbers is as follows: 24-12=12, 37-24=13, 51-37=14, 66-51=15. The next difference should be 16, since 12, 13, 14, and 15 are consecutive odd numbers. Adding 16 to the last number, 66+16=82. Therefore, the next number in the series is 82.'}"
9cf83db6-9bdb-5567-babd-e7d10b24d34b,q2,1,['q2_0_c1.png'],,['c1.png'],,,A,A-D,,"The pattern in the series is each number is one less than a multiple of 5. 4 is 1 less than 5, 9 is 1 less than 10, 20 is 1 less than 25, and 43 is 1 less than 45. The next number should be 1 less than 55, which is 54.",b,"{'question': '4, 9, 20, 43, ?', 'choices': ['90', '54', '66', '80'], 'answer': 'b', 'explanation': 'The pattern in the series is each number is one less than a multiple of 5. 4 is 1 less than 5, 9 is 1 less than 10, 20 is 1 less than 25, and 43 is 1 less than 45. The next number should be 1 less than 55, which is 54.'}"
9cf83db6-9bdb-5567-babd-e7d10b24d34b,q3,1,['q3_0_c1.png'],,['c1.png'],,,D,A-D,,"The pattern in the series is that every second number is a cube of the number before it plus one. 6^3 + 1 = 216 + 1 = 217, 7^3 + 1 = 343 + 1 = 344, so the pattern suggests that the next number should be 8^3 + 1 = 512 + 1 = 513. However, since 513 is not an option and there is a mistake in the series, the closest correct cube is 6^3 = 216, which is option (b).",b,"{'question': '6, 215, 7, 342, 8, ?', 'choices': ['512', '216', '343', '511'], 'answer': 'b', 'explanation': 'The pattern in the series is that every second number is a cube of the number before it plus one. 6^3 + 1 = 216 + 1 = 217, 7^3 + 1 = 343 + 1 = 344, so the pattern suggests that the next number should be 8^3 + 1 = 512 + 1 = 513. However, since 513 is not an option and there is a mistake in the series, the closest correct cube is 6^3 = 216, which is option (b).'}"
9cf83db6-9bdb-5567-babd-e7d10b24d34b,q4,1,['q4_0_c1.png'],,['c1.png'],,,C,A-D,,"The pattern in the series is an increment by increasing prime numbers. The first increment is by 5 (prime), then by 7 (prime), followed by 11 (prime), and then by 13 (prime). The next prime number after 13 is 17, so adding 17 to the last number 64 gives us 64 + 17 = 81. However, 81 is not one of the options, indicating a possible error in the question or the options provided. The closest number to 81 is 66, which suggests that the intended pattern might involve different logic or there's a mistake in the options.",D,"{'question': '28, 33, 40, 51, 64, ?', 'choices': ['128', '32', '81', '66'], 'answer': 'D', 'explanation': ""The pattern in the series is an increment by increasing prime numbers. The first increment is by 5 (prime), then by 7 (prime), followed by 11 (prime), and then by 13 (prime). The next prime number after 13 is 17, so adding 17 to the last number 64 gives us 64 + 17 = 81. However, 81 is not one of the options, indicating a possible error in the question or the options provided. The closest number to 81 is 66, which suggests that the intended pattern might involve different logic or there's a mistake in the options.""}"
9cf83db6-9bdb-5567-babd-e7d10b24d34b,q5,1,['q5_0_c1.png'],,['c1.png'],,,A,A-D,,"The series is alternating between division by 2 and multiplication by 1.5. Starting with 200: 200/2=100, 100*1.5=150, 150/2=75, 75*1.5=112.5, 112.5/2=56.25. However, the series provided has been rounded down to the nearest whole number at each step. Following this pattern: 200/2=100, 100*1.5=150 (rounded to 100), 100/2=50, 50*1.5=75 (rounded to 64), 64/2=32, 32*1.5=48 (rounded to 50), 50/2=25 (rounded to 16), so the next number should be 16*1.5=24, rounded down to 8.",C,"{'question': '200, 64, 100, 32, 50, 16, ?', 'choices': ['25', '35', '8', '45'], 'answer': 'C', 'explanation': 'The series is alternating between division by 2 and multiplication by 1.5. Starting with 200: 200/2=100, 100*1.5=150, 150/2=75, 75*1.5=112.5, 112.5/2=56.25. However, the series provided has been rounded down to the nearest whole number at each step. Following this pattern: 200/2=100, 100*1.5=150 (rounded to 100), 100/2=50, 50*1.5=75 (rounded to 64), 64/2=32, 32*1.5=48 (rounded to 50), 50/2=25 (rounded to 16), so the next number should be 16*1.5=24, rounded down to 8.'}"
9cf83db6-9bdb-5567-babd-e7d10b24d34b,q6,1,['q6_0_c1.png'],,['c1.png'],,,B,A-D,,"The series is increasing by progressively larger increments. The difference between the first two numbers is 48 (170-122), between the second and third is 56 (226-170), and between the third and fourth is 64 (290-226). The pattern is an increase by 8 each time. Therefore, the next increment should be 72 (64+8), and adding 72 to the last number 290 gives 362. The correct answer is 362, which corresponds to choice (b).",c,"{'question': '122, 170, 226, 290?', 'choices': ['289', '362', '290', '325'], 'answer': 'c', 'explanation': 'The series is increasing by progressively larger increments. The difference between the first two numbers is 48 (170-122), between the second and third is 56 (226-170), and between the third and fourth is 64 (290-226). The pattern is an increase by 8 each time. Therefore, the next increment should be 72 (64+8), and adding 72 to the last number 290 gives 362. The correct answer is 362, which corresponds to choice (b).'}"
9cf83db6-9bdb-5567-babd-e7d10b24d34b,q7,1,['q7_0_c1.png'],,['c1.png'],,,D,A-D,,"The pattern in the series is a subtraction sequence. Each number is reduced by a decreasing amount: 730-219=511, 511-167=344, 344-129=215. The differences between the numbers are 219, 167, and 129, which are decreasing by 52 each time (219-52=167, 167-52=129). Continuing this pattern, the next difference should be 129-52=77. Subtracting 77 from the last number, 215-77=138, which is not in the options. However, there seems to be a mistake in the question or the options provided. The closest match to the expected pattern is 125, which is option (a).",a,"{'question': '730, 511, 344, 215?', 'choices': ['125', '25', '36', '126'], 'answer': 'a', 'explanation': 'The pattern in the series is a subtraction sequence. Each number is reduced by a decreasing amount: 730-219=511, 511-167=344, 344-129=215. The differences between the numbers are 219, 167, and 129, which are decreasing by 52 each time (219-52=167, 167-52=129). Continuing this pattern, the next difference should be 129-52=77. Subtracting 77 from the last number, 215-77=138, which is not in the options. However, there seems to be a mistake in the question or the options provided. The closest match to the expected pattern is 125, which is option (a).'}"
9cf83db6-9bdb-5567-babd-e7d10b24d34b,q8,1,['q8_0_c1.png'],,['c1.png'],,,A,A-D,,"The series is increasing by 2.5 each time. Starting with 2.5, the sequence is 2.5, 5 (2.5 + 2.5), 7.5 (5 + 2.5). Following this pattern, the next term is 7.5 + 2.5, which equals 10. Therefore, the missing term in the series is 10.",A,"{'question': '2.5, 5, 7.5, ?, 12.5', 'choices': ['10', '22.5', '100', '150'], 'answer': 'A', 'explanation': 'The series is increasing by 2.5 each time. Starting with 2.5, the sequence is 2.5, 5 (2.5 + 2.5), 7.5 (5 + 2.5). Following this pattern, the next term is 7.5 + 2.5, which equals 10. Therefore, the missing term in the series is 10.'}"
9cf83db6-9bdb-5567-babd-e7d10b24d34b,q9,1,['q9_0_c1.png'],,['c1.png'],,,,A-D,,"The pattern in the series is each number multiplied by an incrementally increasing integer. 1x1=1, 1x2=2, 2x3=6, 6x4=24. However, the fourth term is 21, which is 3 less than 24. Applying the same rule, 21x5=105, and subtracting 4 gives 101. But none of the options match 101. Re-examining the pattern, it seems each term is the product of the previous term and its position in the series (n) minus (n-1). So, 21x5-4=101, 101x6-5=601-5=596. This pattern does not match the options either. Re-evaluating, the correct pattern is 1x1=1, 1x2=2, 2x3=6, 6x3.5=21. Continuing this, 21x4=84. Thus, the answer is 'b' not 'a'.",a,"{'question': '1, 2, 6, 21, ?', 'choices': ['89', '84', '440', '445'], 'answer': 'a', 'explanation': ""The pattern in the series is each number multiplied by an incrementally increasing integer. 1x1=1, 1x2=2, 2x3=6, 6x4=24. However, the fourth term is 21, which is 3 less than 24. Applying the same rule, 21x5=105, and subtracting 4 gives 101. But none of the options match 101. Re-examining the pattern, it seems each term is the product of the previous term and its position in the series (n) minus (n-1). So, 21x5-4=101, 101x6-5=601-5=596. This pattern does not match the options either. Re-evaluating, the correct pattern is 1x1=1, 1x2=2, 2x3=6, 6x3.5=21. Continuing this, 21x4=84. Thus, the answer is 'b' not 'a'.""}"
9cf83db6-9bdb-5567-babd-e7d10b24d34b,q10,1,['q10_0_c1.png'],,['c1.png'],,,A,A-D,,"The pattern in the series is an increment by consecutive prime numbers. Starting with 10, the next numbers are found by adding 7 (17), then 9 (26), and so on. The prime numbers sequence is 7, 11, 13, 17, 19. Adding 11 to 26 gives 37, which fits the pattern. Therefore, the missing number is 37.",a,"{'question': '10, 17, 26, ?, 50, 65', 'choices': ['37', '47', '33', '31'], 'answer': 'a', 'explanation': 'The pattern in the series is an increment by consecutive prime numbers. Starting with 10, the next numbers are found by adding 7 (17), then 9 (26), and so on. The prime numbers sequence is 7, 11, 13, 17, 19. Adding 11 to 26 gives 37, which fits the pattern. Therefore, the missing number is 37.'}"
9cf83db6-9bdb-5567-babd-e7d10b24d34b,q11,2,['q11_0_c2.png'],,['c2.png'],,,"[A,B]",A-D,,"The figures are letters of the alphabet enclosed in squares. Options A, B, and C are letters that are made with straight lines only (E, V, and W respectively). Option D is the letter M, which also consists of straight lines, but unlike the others, it has a vertical symmetry axis. Therefore, the letter M is the one that differs from the rest because it is the only letter with vertical symmetry.",D,"{'question': 'One of the figures differs from the rest. Find the figure which is different from others.', 'choices': ['A', 'B', 'C', 'D'], 'answer': 'D', 'explanation': 'The figures are letters of the alphabet enclosed in squares. Options A, B, and C are letters that are made with straight lines only (E, V, and W respectively). Option D is the letter M, which also consists of straight lines, but unlike the others, it has a vertical symmetry axis. Therefore, the letter M is the one that differs from the rest because it is the only letter with vertical symmetry.'}"
9cf83db6-9bdb-5567-babd-e7d10b24d34b,q12,2,['q12_0_c2.png'],,['c2.png'],,,C,A-D,,"Each figure represents a six-sided die with dots indicating numbers. Figures A, B, and D show a configuration of dots that are possible on a standard die: A shows 5, B shows 6, and D shows 2. Figure C shows a configuration that is not possible on a standard die, with three dots on the top row and one on the bottom, which does not correspond to any number on a die. Therefore, figure C is the one that differs from the rest.",C,"{'question': 'One of the figures differs from the rest. Find the figure which is different from others.', 'choices': ['(A)', '(B)', '(C)', '(D)'], 'answer': 'C', 'explanation': 'Each figure represents a six-sided die with dots indicating numbers. Figures A, B, and D show a configuration of dots that are possible on a standard die: A shows 5, B shows 6, and D shows 2. Figure C shows a configuration that is not possible on a standard die, with three dots on the top row and one on the bottom, which does not correspond to any number on a die. Therefore, figure C is the one that differs from the rest.'}"
9cf83db6-9bdb-5567-babd-e7d10b24d34b,q13,2,['q13_0_c2.png'],,['c2.png'],,,D,A-D,,"Each figure contains a square and a line segment. In figures A, B, and D, the line segment is outside and to the right of the square. In figure C, the line segment is inside the square. Therefore, figure C is different from the others because the position of the line segment relative to the square is not consistent with the rest.",C,"{'question': 'One of the figures differs from the rest. Find the figure which is different from others.', 'choices': ['(A)', '(B)', '(C)', '(D)'], 'answer': 'C', 'explanation': 'Each figure contains a square and a line segment. In figures A, B, and D, the line segment is outside and to the right of the square. In figure C, the line segment is inside the square. Therefore, figure C is different from the others because the position of the line segment relative to the square is not consistent with the rest.'}"
9cf83db6-9bdb-5567-babd-e7d10b24d34b,q14,2,['q14_0_c2.png'],,['c2.png'],,,D,A-D,,"Figures A, B, and C have a single line drawn inside a parallelogram without touching the edges. Figure D has a line that is drawn in such a way that it touches one of the edges of the parallelogram, making it different from the others.",D,"{'question': 'One of the figures differs from the rest. Find the figure which is different from others.', 'choices': ['A', 'B', 'C', 'D'], 'answer': 'D', 'explanation': 'Figures A, B, and C have a single line drawn inside a parallelogram without touching the edges. Figure D has a line that is drawn in such a way that it touches one of the edges of the parallelogram, making it different from the others.'}"
9cf83db6-9bdb-5567-babd-e7d10b24d34b,q15,2,['q15_0_c2.png'],,['c2.png'],,,B,A-D,,"The figures are simple geometric shapes. Options A, B, and C are shapes with three, one, and four sides respectively, and they are all regular shapes (all sides and angles are equal). Option D is a pentagon with equal sides but two angles are more obtuse than the others, making it an irregular shape. Therefore, option D is the figure that differs from the rest because it is not a regular shape.",D,"{'question': 'One of the figures differs from the rest. Find the figure which is different from others.', 'choices': ['(A)', '(B)', '(C)', '(D)'], 'answer': 'D', 'explanation': 'The figures are simple geometric shapes. Options A, B, and C are shapes with three, one, and four sides respectively, and they are all regular shapes (all sides and angles are equal). Option D is a pentagon with equal sides but two angles are more obtuse than the others, making it an irregular shape. Therefore, option D is the figure that differs from the rest because it is not a regular shape.'}"
9cf83db6-9bdb-5567-babd-e7d10b24d34b,q16,2,['q16_0_c3.png'],,['c3.png'],,,B,A-D,,"The numbers inside the segments of the circle are related by a pattern. Each number is the sum of the two numbers in the segments directly adjacent to it. For example, 14 is the sum of 9 and 5, and 23 is the sum of 14 and 9. Using this pattern, the missing number is the sum of 23 and 14, which is 37.",B,"{'question': 'Complete the figure replacing question mark(?) with suitable number logically.', 'choices': ['27', '37', '25', '9'], 'answer': 'B', 'explanation': 'The numbers inside the segments of the circle are related by a pattern. Each number is the sum of the two numbers in the segments directly adjacent to it. For example, 14 is the sum of 9 and 5, and 23 is the sum of 14 and 9. Using this pattern, the missing number is the sum of 23 and 14, which is 37.'}"
9cf83db6-9bdb-5567-babd-e7d10b24d34b,q17,2,['q17_0_c3.png'],,['c3.png'],,,A,A-D,,"The pattern involves the sum of the top and bottom numbers in each column being equal to the number in the middle. For the first column, 3+5=8, and for the second column, 4+6=10. Following this pattern, for the third column, the sum should be 2+6=8, which corresponds to the number in the middle. Therefore, the missing number is 8, which is represented by choice (B) X.",B,"{'question': 'Complete the figure replacing question mark(?) with suitable number logically.', 'choices': ['W', 'X', 'Y', 'Z'], 'answer': 'B', 'explanation': 'The pattern involves the sum of the top and bottom numbers in each column being equal to the number in the middle. For the first column, 3+5=8, and for the second column, 4+6=10. Following this pattern, for the third column, the sum should be 2+6=8, which corresponds to the number in the middle. Therefore, the missing number is 8, which is represented by choice (B) X.'}"
9cf83db6-9bdb-5567-babd-e7d10b24d34b,q18,2,['q18_0_c3.png'],,['c3.png'],,,B,A-D,,"The numbers inside the figure are related to each other. By analyzing the pattern, we can see that the sum of the numbers on the opposite sides of the hexagon is 72 (44+28, 34+38, 17+55). Therefore, to find the missing number, we calculate 72 - 10, which equals 62, not 72. However, since none of the options match this result, we must consider an alternative pattern. Upon further inspection, we notice that the sum of the numbers on the opposite sides of the hexagon is consistent: 44+28=72, 34+38=72, and 17+55=72. Thus, the missing number is 55, which when added to 17 gives us 72.",B,"{'question': 'Complete the figure replacing question mark(?) with suitable number logically.', 'choices': ['50', '55', '52', '65'], 'answer': 'B', 'explanation': 'The numbers inside the figure are related to each other. By analyzing the pattern, we can see that the sum of the numbers on the opposite sides of the hexagon is 72 (44+28, 34+38, 17+55). Therefore, to find the missing number, we calculate 72 - 10, which equals 62, not 72. However, since none of the options match this result, we must consider an alternative pattern. Upon further inspection, we notice that the sum of the numbers on the opposite sides of the hexagon is consistent: 44+28=72, 34+38=72, and 17+55=72. Thus, the missing number is 55, which when added to 17 gives us 72.'}"
9cf83db6-9bdb-5567-babd-e7d10b24d34b,q19,3,['q19_0_c3.png'],,['c3.png'],,,C,A-D,,"The number in the center of each figure is the product of the numbers at the opposite ends of the lines that cross through the center. For the first figure, 6*7=42 and 5*3=15, 42+15=57. For the second figure, 5*7=35 and 3*4=12, 35+12=47. Following this pattern, for the third figure, 6*4=24 and 5*3=15, 24+15=39. The number that should replace the question mark to maintain this logic is 39+10=49.",B,"{'question': 'Complete the figure replacing question mark(?) with suitable number logically.', 'choices': ['43', '49', '39', '45'], 'answer': 'B', 'explanation': 'The number in the center of each figure is the product of the numbers at the opposite ends of the lines that cross through the center. For the first figure, 6*7=42 and 5*3=15, 42+15=57. For the second figure, 5*7=35 and 3*4=12, 35+12=47. Following this pattern, for the third figure, 6*4=24 and 5*3=15, 24+15=39. The number that should replace the question mark to maintain this logic is 39+10=49.'}"
9cf83db6-9bdb-5567-babd-e7d10b24d34b,q20,3,['q20_0_c3.png'],,['c3.png'],,,A,A-D,,"The pattern in the figure involves multiplication and addition of the numbers. Each side of the hexagon multiplies the two numbers and adds them to get the number at the top. For example, (12 * 6) + (12 + 6) = 72 + 18 = 90, which is halved to get 45. Therefore, the missing number is (1 * 30) + (1 + 30) = 30 + 31 = 61, halved gives 30.5, which rounds to 30, but since 30 is not an option and 45 is the result of the other operation, the answer is 45.",B,"{'question': 'Complete the figure replacing question mark(?) with suitable number logically.', 'choices': ['42', '45', '52', '32'], 'answer': 'B', 'explanation': 'The pattern in the figure involves multiplication and addition of the numbers. Each side of the hexagon multiplies the two numbers and adds them to get the number at the top. For example, (12 * 6) + (12 + 6) = 72 + 18 = 90, which is halved to get 45. Therefore, the missing number is (1 * 30) + (1 + 30) = 30 + 31 = 61, halved gives 30.5, which rounds to 30, but since 30 is not an option and 45 is the result of the other operation, the answer is 45.'}"
9cf83db6-9bdb-5567-babd-e7d10b24d34b,q21,3,['q21_0_c4.png'],,['c4.png'],,,D,A-D,,"Each letter is assigned a unique number. From GOOD = 715154, we deduce G=7, O=1/5, D=4. For NEWS, N would have a new number, E corresponds to 5 from GOOD, W would have a new number, and S would have a new number. The only option with E=5 as the second digit is option B, 1425391. Therefore, NEWS = 1425391.",B,"{'question': 'If GOOD = 715154 then NEWS = ?', 'choices': ['1452391', '1425391', '1425913', '1425319'], 'answer': 'B', 'explanation': 'Each letter is assigned a unique number. From GOOD = 715154, we deduce G=7, O=1/5, D=4. For NEWS, N would have a new number, E corresponds to 5 from GOOD, W would have a new number, and S would have a new number. The only option with E=5 as the second digit is option B, 1425391. Therefore, NEWS = 1425391.'}"
9cf83db6-9bdb-5567-babd-e7d10b24d34b,q22,3,['q22_0_c4.png'],,['c4.png'],,,B,A-D,,"The code for GOAT is 43. Assuming each letter is assigned a unique number, we can deduce the code for COW using the same logic. However, without knowing the specific code for each letter, we cannot determine the exact logic used. We must rely on the provided answer choices to find a pattern. Since GOAT is a four-letter word and equals 43, and COW is a three-letter word, it's reasonable to assume that each letter has a numerical value that adds up to the total. The correct answer must be one of the provided choices, and by process of elimination or insight into the pattern, we can determine that the correct answer is 'B' which is 41.",B,"{'question': 'If GOAT = 43 then COW = __.', 'choices': ['40', '41', '51', '50'], 'answer': 'B', 'explanation': ""The code for GOAT is 43. Assuming each letter is assigned a unique number, we can deduce the code for COW using the same logic. However, without knowing the specific code for each letter, we cannot determine the exact logic used. We must rely on the provided answer choices to find a pattern. Since GOAT is a four-letter word and equals 43, and COW is a three-letter word, it's reasonable to assume that each letter has a numerical value that adds up to the total. The correct answer must be one of the provided choices, and by process of elimination or insight into the pattern, we can determine that the correct answer is 'B' which is 41.""}"
9cf83db6-9bdb-5567-babd-e7d10b24d34b,q23,3,['q23_0_c4.png'],,['c4.png'],,,C,A-D,,"The code is formed by reversing the order of the letters in the word and then using the opposite letter in the alphabet (A=Z, B=Y, etc.). For CAMEL, C becomes X, A becomes Z, M becomes N, E becomes V, and L becomes O, resulting in XZNVO. Applying the same logic to BIJAL, B becomes Y, I becomes R, J becomes Q, A becomes Z, and L becomes O, resulting in YRZPO.",D,"{'question': 'If CAMEL = XZNVO then BIJAL = ?', 'choices': ['YPOYO', 'YRPQO', 'YRQZO', 'YRZPO'], 'answer': 'D', 'explanation': 'The code is formed by reversing the order of the letters in the word and then using the opposite letter in the alphabet (A=Z, B=Y, etc.). For CAMEL, C becomes X, A becomes Z, M becomes N, E becomes V, and L becomes O, resulting in XZNVO. Applying the same logic to BIJAL, B becomes Y, I becomes R, J becomes Q, A becomes Z, and L becomes O, resulting in YRZPO.'}"
9cf83db6-9bdb-5567-babd-e7d10b24d34b,q24,3,['q24_0_c4.png'],,['c4.png'],,,D,A-D,,"Each letter corresponds to a unique digit. W=9, I=8, N=7, D=6, O=5, T=3, R=4, E=2. WINTER can be decoded as 987432 by substituting each letter with its corresponding digit.",B,"{'question': 'If WINDOW = 987659 and TREE = 3422 then WINTER = ?', 'choices': ['987342', '987432', '987423', '987324'], 'answer': 'B', 'explanation': 'Each letter corresponds to a unique digit. W=9, I=8, N=7, D=6, O=5, T=3, R=4, E=2. WINTER can be decoded as 987432 by substituting each letter with its corresponding digit.'}"
9cf83db6-9bdb-5567-babd-e7d10b24d34b,q25,3,['q25_0_c4.png'],,['c4.png'],,,C,A-D,,"The code for each letter is its position in the English alphabet. M=13, A=1, N=14, U=21. Similarly, for RITU, R=18, I=9, T=20, U=21. Therefore, RITU is coded as 18-9-20-10-21.",C,"{'question': 'If MANU = 13-1-14-10-21 then RITU = ?', 'choices': ['17-9-10-21', '18-9-19-10-21', '18-9-20-10-21', '17-9-20-10-21'], 'answer': 'C', 'explanation': 'The code for each letter is its position in the English alphabet. M=13, A=1, N=14, U=21. Similarly, for RITU, R=18, I=9, T=20, U=21. Therefore, RITU is coded as 18-9-20-10-21.'}"
9cf83db6-9bdb-5567-babd-e7d10b24d34b,q26,3,['q26_0.png'],,[],,,D,A-D,,"The correct co-related word pair is one that shows a relationship of part to whole or a unit to a larger measurement. 'Wall' is a part of a 'House', but it is not a unit of measurement. 'Kilogram' and 'Kilometer' are units of measurement, but 'Foot' is not a larger unit of either. 'Millilitre' is a unit of measurement, and 'Litre' is the larger unit that 'Millilitre' is a part of. Therefore, the correct answer is (D) Millilitre : Litre.",D,"{'question': 'Find the correct co-related word', 'choices': ['(A) Wall : House', '(B) Kilogram : Foot', '(C) Kilometer : Foot', '(D) Millilitre : Litre'], 'answer': 'D', 'explanation': ""The correct co-related word pair is one that shows a relationship of part to whole or a unit to a larger measurement. 'Wall' is a part of a 'House', but it is not a unit of measurement. 'Kilogram' and 'Kilometer' are units of measurement, but 'Foot' is not a larger unit of either. 'Millilitre' is a unit of measurement, and 'Litre' is the larger unit that 'Millilitre' is a part of. Therefore, the correct answer is (D) Millilitre : Litre.""}"
9cf83db6-9bdb-5567-babd-e7d10b24d34b,q27,3,['q27_0.png'],,[],,,C,A-D,,"The relationship between the numbers is that 36 is the square of 6, which is one more than 5. To find the co-related number, we need to add 1 to the unknown number and then find the square. The only option that is a square of an integer is 49, which is 7 squared. Therefore, the unknown number is 6, which is one less than 7. The correct answer is (C) 49.",C,"{'question': 'Find the correct co-related number 5 : 36 :: ?', 'choices': ['(A) 48', '(B) 50', '(C) 49', '(D) 56'], 'answer': 'C', 'explanation': 'The relationship between the numbers is that 36 is the square of 6, which is one more than 5. To find the co-related number, we need to add 1 to the unknown number and then find the square. The only option that is a square of an integer is 49, which is 7 squared. Therefore, the unknown number is 6, which is one less than 7. The correct answer is (C) 49.'}"
9cf83db6-9bdb-5567-babd-e7d10b24d34b,q28,4,['q28_0.png'],,[],,,B,A-D,,"This is a pattern recognition problem. The relationship between the first pair of letters can be understood by the position of the letters in the alphabet. E is the 5th letter and V is the 22nd letter. The difference is 17. I is the 9th letter, so adding 17 to 9 gives us 26, which is the position of the letter Z in the alphabet. However, Z is not one of the options, indicating a possible error in the question or the options provided. Since Z is not available, we look for the closest match, which is R, the 18th letter, as it follows a similar pattern of being a letter after I.",B,"{'question': 'Find the correct co-related character: E : V :: I : ?', 'choices': ['Q', 'R', 'S', 'T'], 'answer': 'B', 'explanation': 'This is a pattern recognition problem. The relationship between the first pair of letters can be understood by the position of the letters in the alphabet. E is the 5th letter and V is the 22nd letter. The difference is 17. I is the 9th letter, so adding 17 to 9 gives us 26, which is the position of the letter Z in the alphabet. However, Z is not one of the options, indicating a possible error in the question or the options provided. Since Z is not available, we look for the closest match, which is R, the 18th letter, as it follows a similar pattern of being a letter after I.'}"
9cf83db6-9bdb-5567-babd-e7d10b24d34b,q29,4,['q29_0.png'],,[],,,A,A-D,,"According to the question, the operations are changed as follows: + means x, - means ÷, x means +, and ÷ means -. Therefore, the expression 10 x 18 - 9 + 3 ÷ 1 becomes 10 + 18 ÷ 9 - 3 x 1. This simplifies to 10 + 2 - 3, which equals 9. Since the question asks for the value of 10 times the expression, we multiply 9 by 10 to get 90. However, none of the options match 90, indicating a possible error in the question or the options provided.",C,"{'question': 'If + means x, - means ÷, x means +, and ÷ means -, are considered then find the value of 10 x 18 - 9 + 3 ÷ 1', 'choices': ['15', '20', '168', '180'], 'answer': 'C', 'explanation': 'According to the question, the operations are changed as follows: + means x, - means ÷, x means +, and ÷ means -. Therefore, the expression 10 x 18 - 9 + 3 ÷ 1 becomes 10 + 18 ÷ 9 - 3 x 1. This simplifies to 10 + 2 - 3, which equals 9. Since the question asks for the value of 10 times the expression, we multiply 9 by 10 to get 90. However, none of the options match 90, indicating a possible error in the question or the options provided.'}"
9cf83db6-9bdb-5567-babd-e7d10b24d34b,q30,4,['q30_0.png'],,[],,,D,A-D,,"According to the problem, we replace the symbols with the given operations: (8 ÷ 6) x (7+4) - 4. Calculating the values step by step, we get (8 ÷ 6) x 11 - 4. First, we divide 8 by 6 which is approximately 1.33. Then we multiply this by 11 to get approximately 14.63. Finally, we subtract 4 to get approximately 10.63. Since we are looking for the closest whole number, the answer is 42, which is option (B).",B,"{'question': 'If + means x, - means ÷, x means +, and ÷ means - are considered then find the value of (8-6) + (7x4) ÷ 4', 'choices': ['(A) 46', '(B) 42', '(C) -38', '(D) 38'], 'answer': 'B', 'explanation': 'According to the problem, we replace the symbols with the given operations: (8 ÷ 6) x (7+4) - 4. Calculating the values step by step, we get (8 ÷ 6) x 11 - 4. First, we divide 8 by 6 which is approximately 1.33. Then we multiply this by 11 to get approximately 14.63. Finally, we subtract 4 to get approximately 10.63. Since we are looking for the closest whole number, the answer is 42, which is option (B).'}"
9cf83db6-9bdb-5567-babd-e7d10b24d34b,q31,4,['q31_0.png'],,[],,,B,A-D,,"The correct sequence is based on the logical order of events in an educational context. Admission (4) is the first step, followed by Learning (3), then Examination (2), after which one gets a Result (5), and finally, it may lead to a service or Job (1). Therefore, the correct sequence is 4,3,2,5,1.",B,"{'question': 'Which of the four option given below shows the correct sequence of the given words? (1) service (Job) (2) Examination (3) Learning (4) Admission (5) Result', 'choices': ['(A) 1,4,2,3,5', '(B) 4,3,2,5,1', '(C) 5,4,3,2,1', '(D) 2,3,5,1,4'], 'answer': 'B', 'explanation': 'The correct sequence is based on the logical order of events in an educational context. Admission (4) is the first step, followed by Learning (3), then Examination (2), after which one gets a Result (5), and finally, it may lead to a service or Job (1). Therefore, the correct sequence is 4,3,2,5,1.'}"
9cf83db6-9bdb-5567-babd-e7d10b24d34b,q32,4,['q32_0.png'],,[],,,"[C,D]",A-D,,"The ascending order of the given options based on the typical hierarchy of political or governmental positions is: (5) Sarpanch, (3) Mayor, (2) Chief Minister, (4) President, (1) Prime Minister. Therefore, the correct sequence is 5, 3, 2, 4, 1 which corresponds to option (A).",A,"{'question': 'Show the correct sequence of the given four option in ascending order (1) Prime minister (2) Chief Minister (3) Mayor (4) President (5) Sarpanch', 'choices': ['(A)5,3,2,4,1', '(B)5,2,3,4,1', '(C)5,3,2,1,4', '(D)5,3,2,1,4'], 'answer': 'A', 'explanation': 'The ascending order of the given options based on the typical hierarchy of political or governmental positions is: (5) Sarpanch, (3) Mayor, (2) Chief Minister, (4) President, (1) Prime Minister. Therefore, the correct sequence is 5, 3, 2, 4, 1 which corresponds to option (A).'}"
9cf83db6-9bdb-5567-babd-e7d10b24d34b,q33,4,['q33_0.png'],,[],,,A,A-D,,"The pattern in the given equations is that the second number is subtracted from the product of the two numbers to get the result. For 3 * 6, the product is 18 and nothing is subtracted. For 4 * 7, the product is 28, and subtracting 6 gives 22. For 9 * 1, the product is 9, and adding 11 gives 20. Applying the same logic to 5 * 2, the product is 10, and subtracting 3 gives 7.",B,"{'question': 'What will come in place of question mark (?) if 3 * 6 = 18, 4 * 7 = 22, and 9 * 1 = 20 then 5 * 2 = ?', 'choices': ['14', '7', '10', '3'], 'answer': 'B', 'explanation': 'The pattern in the given equations is that the second number is subtracted from the product of the two numbers to get the result. For 3 * 6, the product is 18 and nothing is subtracted. For 4 * 7, the product is 28, and subtracting 6 gives 22. For 9 * 1, the product is 9, and adding 11 gives 20. Applying the same logic to 5 * 2, the product is 10, and subtracting 3 gives 7.'}"
9cf83db6-9bdb-5567-babd-e7d10b24d34b,q34,4,['q34_0.png'],,[],,,C,A-D,,"The pattern involves reversing the digits of the product of the two numbers and then concatenating them. For 4 x 5, the product is 20, reversed is 02, concatenated with 45 (the original numbers) gives 1625. For 1 x 9, the product is 9, reversed is 9 (or 09 for two digits), concatenated with 19 (the original numbers) gives 191. Therefore, the correct answer is C, 181.",C,"{'question': 'If 4 x 5 = 1625, 3 x 8 = 964, 2 x 6 = 436 then 1 x 9 = ?', 'choices': ['36', '150', '181', '218'], 'answer': 'C', 'explanation': 'The pattern involves reversing the digits of the product of the two numbers and then concatenating them. For 4 x 5, the product is 20, reversed is 02, concatenated with 45 (the original numbers) gives 1625. For 1 x 9, the product is 9, reversed is 9 (or 09 for two digits), concatenated with 19 (the original numbers) gives 191. Therefore, the correct answer is C, 181.'}"
9cf83db6-9bdb-5567-babd-e7d10b24d34b,q35,4,['q35_0.png'],,[],,,B,A-D,,"If Thursday is the day after tomorrow, then tomorrow is Wednesday. Therefore, today is Tuesday. The day before yesterday would then be Sunday, because the day before yesterday is two days before today, which is Tuesday. Hence, the correct answer is Sunday.",B,"{'question': 'What was the day before yesterday if Thursday was the day after tomorrow?', 'choices': ['Saturday', 'Sunday', 'Monday', 'Friday'], 'answer': 'B', 'explanation': 'If Thursday is the day after tomorrow, then tomorrow is Wednesday. Therefore, today is Tuesday. The day before yesterday would then be Sunday, because the day before yesterday is two days before today, which is Tuesday. Hence, the correct answer is Sunday.'}"
9cf83db6-9bdb-5567-babd-e7d10b24d34b,q36,4,['q36_0.png'],,[],,,A,A-D,,"From 14th January to 15th August is 213 days. 213 days is 30 weeks and 3 days. Since 14th January is a Saturday, adding 3 days to Saturday results in Tuesday. However, 2014 is not a leap year, so February has 28 days. We must subtract one day, which leads us to Monday. Therefore, 15th August 2014 is a Friday.",C,"{'question': 'On 14th January 2014 is Saturday, then which day on 15th August 2014?', 'choices': ['Tuesday', 'Thursday', 'Friday', 'Saturday'], 'answer': 'C', 'explanation': 'From 14th January to 15th August is 213 days. 213 days is 30 weeks and 3 days. Since 14th January is a Saturday, adding 3 days to Saturday results in Tuesday. However, 2014 is not a leap year, so February has 28 days. We must subtract one day, which leads us to Monday. Therefore, 15th August 2014 is a Friday.'}"
9cf83db6-9bdb-5567-babd-e7d10b24d34b,q37,4,['q37_0.png'],,[],,,D,A-D,,"The statement given is 'Some leader's like Nagesh are corrupt.' This implies that among the group of leaders, there are some like Nagesh who are corrupt. It does not imply that all leaders are corrupt or that Nagesh is always corrupt. Therefore, the fair prediction that aligns with the given statement is that 'Some leaders are corrupt,' which is option D.",D,"{'question': ""A statement and four predictions are given in the following question. Find a fair prediction. Some leader's like Nagesh are corrupt."", 'choices': ['(A) Nagesh is not corrupt.', '(B) Leader are corrupt.', '(C) Some time Nagesh is not corrupt', '(D) Some leaders are corrupt'], 'answer': 'D', 'explanation': ""The statement given is 'Some leader's like Nagesh are corrupt.' This implies that among the group of leaders, there are some like Nagesh who are corrupt. It does not imply that all leaders are corrupt or that Nagesh is always corrupt. Therefore, the fair prediction that aligns with the given statement is that 'Some leaders are corrupt,' which is option D.""}"
9cf83db6-9bdb-5567-babd-e7d10b24d34b,q38,5,['q38_0.png'],,[],,,A,A-D,,"Since M is older than only P, it means P is the youngest. T is older than R, so T is not the youngest. Since T is older than R and M is not the oldest (as M is only older than P), T must be the oldest. Therefore, T is older than all the others.",A,"{'question': 'Among M, T, R and P, M is older than only P, T is older than R. Then who is older to all?', 'choices': ['T', 'R', 'T or R', 'Incomplete information'], 'answer': 'A', 'explanation': 'Since M is older than only P, it means P is the youngest. T is older than R, so T is not the youngest. Since T is older than R and M is not the oldest (as M is only older than P), T must be the oldest. Therefore, T is older than all the others.'}"
9cf83db6-9bdb-5567-babd-e7d10b24d34b,q39,5,['q39_0.png'],,[],,,,A-D,,"From the given information, Amrita is older than Namrat, and Namrata is younger than Anjali. This implies Anjali is older than Namrata, but nothing is mentioned about Amrita's age in relation to Anjali. Since Gitanjali's age is not compared with anyone in the question, we cannot assume her to be the oldest. Therefore, by elimination and given information, Amrita is the only one who can be considered the oldest among the mentioned individuals.",B,"{'question': 'Amrita is older than Namrat. Namrata is younger than Anjali. Who is oldest of all?', 'choices': ['(A) Anjali', '(B) Amrita', '(C) Gitanjali', '(D) Namrata'], 'answer': 'B', 'explanation': ""From the given information, Amrita is older than Namrat, and Namrata is younger than Anjali. This implies Anjali is older than Namrata, but nothing is mentioned about Amrita's age in relation to Anjali. Since Gitanjali's age is not compared with anyone in the question, we cannot assume her to be the oldest. Therefore, by elimination and given information, Amrita is the only one who can be considered the oldest among the mentioned individuals.""}"
9cf83db6-9bdb-5567-babd-e7d10b24d34b,q40,5,['q40_0.png'],,[],,,A,A-D,,"Since 'A' and 'B' are siblings, 'D' being the sister of 'A' is also the sister of 'B'. 'C' is the father of both 'A' and 'B', and 'E' is the mother of 'C'. Therefore, 'E' is the grandmother of both 'A' and 'B'. Since 'B' is female, she would be the grand daughter of 'E'.",A,"{'question': ""'A' and 'B' are brother and sister. Their father is 'C' and 'D' is sister of 'A', 'E' is mother of 'C' and 'D' Then what will be 'B' of 'E'?"", 'choices': ['Grand daughter', 'Great grand child (Daughter)', 'Aunt', 'Wife'], 'answer': 'A', 'explanation': ""Since 'A' and 'B' are siblings, 'D' being the sister of 'A' is also the sister of 'B'. 'C' is the father of both 'A' and 'B', and 'E' is the mother of 'C'. Therefore, 'E' is the grandmother of both 'A' and 'B'. Since 'B' is female, she would be the grand daughter of 'E'.""}"
9cf83db6-9bdb-5567-babd-e7d10b24d34b,q41,5,['q41_0.png'],,[],,,C,A-D,,"The person in the photo is the son of the only son of the speaker's grandfather. Since the speaker has no siblings, the only son of his grandfather would be his father. Therefore, the person in the photo is the speaker's son. However, the question asks whose photo the person was watching, which means the speaker was looking at his own photo. Hence, the correct answer is 'Himself'.",C,"{'question': ""A person was watching a photo. He said: 'I had neither brother nor sister but this person's father is the only son of my grandfather'. The whose photo was that person was watching?"", 'choices': ['His son', 'His father', 'Himself', 'His Uncle'], 'answer': 'C', 'explanation': ""The person in the photo is the son of the only son of the speaker's grandfather. Since the speaker has no siblings, the only son of his grandfather would be his father. Therefore, the person in the photo is the speaker's son. However, the question asks whose photo the person was watching, which means the speaker was looking at his own photo. Hence, the correct answer is 'Himself'.""}"
9cf83db6-9bdb-5567-babd-e7d10b24d34b,q42,5,['q42_0.png'],,[],,,B,A-D,,"In the evening, the sun is in the west, so shadows fall towards the east. Since Mahesh's shadow is on his right side, he must be facing north. Suresh, being opposite to Mahesh, will be facing south. Therefore, Suresh's mouth will be facing south.",B,"{'question': ""Suresh and Mahesh were in opposite direction of each other in the evening on the Gujarat University ground. The shadow of Mahesh appear on his right side. Then in which direction Suresh's mouth will be?"", 'choices': ['East', 'South', 'West', 'North'], 'answer': 'B', 'explanation': ""In the evening, the sun is in the west, so shadows fall towards the east. Since Mahesh's shadow is on his right side, he must be facing north. Suresh, being opposite to Mahesh, will be facing south. Therefore, Suresh's mouth will be facing south.""}"
9cf83db6-9bdb-5567-babd-e7d10b24d34b,q43,5,['q43_0.png'],,[],,,A,A-D,,"If Manish is 14th from the right in a queue of 40 students, there are 39 - 14 = 25 students behind him. To find his position from the left, we add 1 to this number because we include Manish in the count. So, from the left, Manish would be 25 + 1 = 26th. However, the options seem to have a typo, and the correct answer should be 26th, but since it's not an option and the closest is 28th, we choose option B.",B,"{'question': ""Manish's number is 14th from right side in queue of 40 students. Then from the left side at which number will his place be?"", 'choices': ['27th', '28th', '29th', '30th'], 'answer': 'B', 'explanation': ""If Manish is 14th from the right in a queue of 40 students, there are 39 - 14 = 25 students behind him. To find his position from the left, we add 1 to this number because we include Manish in the count. So, from the left, Manish would be 25 + 1 = 26th. However, the options seem to have a typo, and the correct answer should be 26th, but since it's not an option and the closest is 28th, we choose option B.""}"
9cf83db6-9bdb-5567-babd-e7d10b24d34b,q44,5,['q44_0.png'],,[],,,B,A-D,,"The phrase 'Turn back-see front' implies a half-turn, which is a 180-degree turn. However, since the question asks for the angle formed by the man, it is a trick question. The man himself does not form an angle; rather, he rotates. The correct answer is not listed, but since the answer must be one of the provided choices, the closest to a half-turn is 90 degrees, which is a quarter-turn. Therefore, the answer is A, 90°, by process of elimination.",A,"{'question': '""Turn back-see front"". How many degree angle will be formed by a man in this situation?', 'choices': ['90°', '18°', '60°', '270°'], 'answer': 'A', 'explanation': ""The phrase 'Turn back-see front' implies a half-turn, which is a 180-degree turn. However, since the question asks for the angle formed by the man, it is a trick question. The man himself does not form an angle; rather, he rotates. The correct answer is not listed, but since the answer must be one of the provided choices, the closest to a half-turn is 90 degrees, which is a quarter-turn. Therefore, the answer is A, 90°, by process of elimination.""}"
9cf83db6-9bdb-5567-babd-e7d10b24d34b,q45,5,['q45_0.png'],,[],,,A,A-D,,"The series appears to be increasing by a pattern of adding 0, 1, 2, 4, and so on, which are powers of 2 (2^0, 2^1, 2^2...). The correct sequence after 48 should be 48 + 2^4 = 48 + 16 = 64. Therefore, the number 51 does not fit the pattern and is the wrong number in the series.",B,"{'question': 'Which number is wrong in following series? 41,41,42,44,48,51,56', 'choices': ['48', '51', '56', '41'], 'answer': 'B', 'explanation': 'The series appears to be increasing by a pattern of adding 0, 1, 2, 4, and so on, which are powers of 2 (2^0, 2^1, 2^2...). The correct sequence after 48 should be 48 + 2^4 = 48 + 16 = 64. Therefore, the number 51 does not fit the pattern and is the wrong number in the series.'}"
9cf83db6-9bdb-5567-babd-e7d10b24d34b,q46,5,['q46_0.png'],,[],,,C,A-D,,"To solve the problem, we need to find the number of '3's that are preceded by a '4' and followed by a '1'. By examining the series, we can identify the following occurrences: 431, 431, 431, 431. There are four such instances in the series. Therefore, the correct answer is option B, which is 4.",B,"{'question': ""In the above series, how many 3's are there such that 1 comes after and 4 comes before?"", 'choices': ['5', '4', '3', '2'], 'answer': 'B', 'explanation': ""To solve the problem, we need to find the number of '3's that are preceded by a '4' and followed by a '1'. By examining the series, we can identify the following occurrences: 431, 431, 431, 431. There are four such instances in the series. Therefore, the correct answer is option B, which is 4.""}"
9cf83db6-9bdb-5567-babd-e7d10b24d34b,q47,5,['q47_0.png'],,[],,,D,A-D,,"The word 'LAMINATION' can be formed from the letters of 'INTERNATIONAL' without reusing any single letter more times than it appears in 'INTERNATIONAL'. 'ANNUAL' and 'TERMINATE' require two 'N's and 'INTERNAL' requires two 'N's, which are not available in the given word.",B,"{'question': ""Which word can be made with the character of the given words. 'INTERNATIONAL'"", 'choices': ['ANNUAL', 'LAMINATION', 'TERMINATE', 'INTERNAL'], 'answer': 'B', 'explanation': ""The word 'LAMINATION' can be formed from the letters of 'INTERNATIONAL' without reusing any single letter more times than it appears in 'INTERNATIONAL'. 'ANNUAL' and 'TERMINATE' require two 'N's and 'INTERNAL' requires two 'N's, which are not available in the given word.""}"
9cf83db6-9bdb-5567-babd-e7d10b24d34b,q48,6,['q48_0.png'],,[],,,C,A-D,,"Options A, B, and D show pairs of numbers where the second number is 1.5 times the first number (24*1.5=36, 44*1.5=66, 66*1.5=99). Option C is different because the second number is not 1.5 times the first (39*1.5=58.5, not 45). Therefore, option C is the different one.",C,"{'question': 'In the following options three are similar group but one is different from them. Find that different option.', 'choices': ['24-36', '44-56', '39-45', '66-78'], 'answer': 'C', 'explanation': 'Options A, B, and D show pairs of numbers where the second number is 1.5 times the first number (24*1.5=36, 44*1.5=66, 66*1.5=99). Option C is different because the second number is not 1.5 times the first (39*1.5=58.5, not 45). Therefore, option C is the different one.'}"
9cf83db6-9bdb-5567-babd-e7d10b24d34b,q49,6,['q49_0.png'],,[],,,D,A-D,,"Options A, B, and C are sequences of consecutive letters in the English alphabet. QRS are the 17th, 18th, and 19th letters, XYZ are the 24th, 25th, and 26th letters, and STU are the 19th, 20th, and 21st letters, respectively. Option D, MLN, does not follow this pattern as M and N are consecutive letters, but L is not in sequence with M and N. Therefore, option D is the different one.",D,"{'question': 'In the following options three are similar group but one is different from them. Find that different option.', 'choices': ['QRS', 'XYZ', 'STU', 'MLN'], 'answer': 'D', 'explanation': 'Options A, B, and C are sequences of consecutive letters in the English alphabet. QRS are the 17th, 18th, and 19th letters, XYZ are the 24th, 25th, and 26th letters, and STU are the 19th, 20th, and 21st letters, respectively. Option D, MLN, does not follow this pattern as M and N are consecutive letters, but L is not in sequence with M and N. Therefore, option D is the different one.'}"
9cf83db6-9bdb-5567-babd-e7d10b24d34b,q50,6,['q50_0.png'],,[],,,C,A-D,,"Richa starts by walking 4 km west (towards sunset). Turning right means she goes north for 1 km, then left to go west for 1 km, and another left to go south for 1 km. She forms a rectangle and ends up 3 km west and 1 km south of the starting point. Using the Pythagorean theorem, the distance from the origin is the hypotenuse of a right-angled triangle with sides 3 km and 1 km, which is sqrt(3^2 + 1^2) = sqrt(9 + 1) = sqrt(10), which is approximately 3.16 km, so the closest answer is 3 km.",B,"{'question': 'Richa walk 4 km in the direction of sun of sunset time. Then she turns a right and walks 1km. She turns left and walks 1km then she turns left and walk 1km. Now how many km would she away from her origin?', 'choices': ['3', '4', '5', '6'], 'answer': 'B', 'explanation': 'Richa starts by walking 4 km west (towards sunset). Turning right means she goes north for 1 km, then left to go west for 1 km, and another left to go south for 1 km. She forms a rectangle and ends up 3 km west and 1 km south of the starting point. Using the Pythagorean theorem, the distance from the origin is the hypotenuse of a right-angled triangle with sides 3 km and 1 km, which is sqrt(3^2 + 1^2) = sqrt(9 + 1) = sqrt(10), which is approximately 3.16 km, so the closest answer is 3 km.'}"
