paper_id-input,sample_id-input,page_number-input,input_image_location-input,section_instruction-input,context-input,input_text_parsed-input,explanation-output,final_answer-output,final_answer_range-output,category-input,GPT4_reasoning,GPT4_ans,GPT4_response
40035a15-1ebe-5c83-bb9e-003d5e187753,q1,2,['q1_0.png'],,[],,,A,A-D,,"From 1996 to 2000 is a leap year cycle, including 1996 and 2000 as leap years. Each year contributes 1 day, and leap years contribute 2 days to the day of the week. So, 5 days (4 years x 1 day + 1 extra for 1996) are added to Friday, resulting in Wednesday. Since Independence Day is 204 days after Republic Day in a leap year, and 204 divided by 7 leaves no remainder, the day of the week is the same for both. Therefore, Independence Day in 2000 was also on a Wednesday, but the closest answer choice is Monday.",B,
40035a15-1ebe-5c83-bb9e-003d5e187753,q2,2,['q2_0.png'],,[],,,A,A-D,,"In a leap year, February has 29 days. From January 1st to March 1st, there are 31 (January) + 29 (February) = 60 days. 60 days is equivalent to 8 weeks and 4 days. Since January 1st is a Friday, adding 4 days to Friday results in Tuesday. However, the question asks for the first day of March, which is the day after February 29th. Therefore, the correct answer is the day after Tuesday, which is Wednesday. The correct answer is B, not C as initially indicated.",C,
40035a15-1ebe-5c83-bb9e-003d5e187753,q3,2,['q3_0.png'],,[],,,C,A-D,,"The series consists of a number, a letter, and another number. The first numbers are multiples of 2 (2, 4, 12), increasing by a factor of 2 each time (2x2=4, 4x3=12). The next number should be 12x4=48. The letters are in alphabetical order (A, D, G), with each letter 3 places apart. The next letter should be 'I' (H+1). The last numbers are prime numbers (11, 13, 17), increasing each time. The next prime number after 17 is 19, but since 19 is not an option and the pattern includes increasing by 2, the next is 23. So, the answer is 48I23.",C,
40035a15-1ebe-5c83-bb9e-003d5e187753,q4,2,['q4_0.png'],,[],,,B,A-D,,"At 8:30, the minute hand is at 6, and the hour hand is halfway between 8 and 9. Each hour represents 30° (360°/12), so 8 hours is 240°. Each minute represents 0.5° (30°/60), so 30 minutes is 15°. Adding this to 240° gives 255°. However, the minute hand at 6 is at 180°. The difference between 255° and 180° is 75°, which is the angle between the hour and minute hands.",B,
40035a15-1ebe-5c83-bb9e-003d5e187753,q5,2,['q5_0.png'],,[],,,A,A-D,,"Let the age of the youngest child be x years. Then, the ages of the children are x, x+3, x+6, x+9, and x+12 years. Their sum is 5x + (3+6+9+12) = 50. Simplifying, 5x + 30 = 50, so 5x = 20. Dividing by 5, x = 4. Therefore, the youngest child is 4 years old.",A,
40035a15-1ebe-5c83-bb9e-003d5e187753,q6,3,['q6_0.png'],,[],,,A,A-D,,"Since A is the brother of B and E is the daughter of B, A and E are siblings. D is the brother of E, making D also the sibling of A. Therefore, A is the uncle of D, as A is the brother of D's parent (E).",A,
40035a15-1ebe-5c83-bb9e-003d5e187753,q8,3,"['q8_0_c1.png', 'q8_1_c1.png']",,['c1.png'],,,B,A-D,,"The pattern involves squares of numbers and corresponding letters of the alphabet. The numbers are squares of 2, 3, 4, and 5, which are 4, 9, 16, and 25 respectively. The missing number should be the square of 6, which is 36. The letters are the 25th, 16th, and 9th letters of the alphabet, which are Y, P, and I respectively. The missing letter should be the 21st letter, which is U. Therefore, the answer is U and 36.",B,
40035a15-1ebe-5c83-bb9e-003d5e187753,q9,4,"['q9_0_c1.png', 'q9_1_c1.png']",,['c1.png'],,,B,A-D,,"The pattern involves both the letters and the numbers. For letters, the sequence is skipping one letter in the alphabet (C-D-E, G-H-I, K-L-M). Thus, the missing letter after M should be N. For numbers, the pattern is decreasing by 17 each time (64-47=17, 47-34=13). However, since the sequence of decrease is not consistent, we look for another pattern. The numbers in each smaller triangle add up to 111 (64+34+13, 47+23+41). Therefore, the missing number is 111 - (11+26) = 74. Hence, the answer is N and 74.",C,
40035a15-1ebe-5c83-bb9e-003d5e187753,q10,4,"['q10_0_c1.png', 'q10_1_c1.png']",,['c1.png'],,,B,A-D,,"The numbers are increasing by 4 in each column from top to bottom. DL (4+6=10), RX (10+4=14), KM (14+4=18). Similarly, for the second column, FR (10+4=14), SM (14+4=18), PV (18+4=22). However, since 22 is not an option and the pattern fits with 18 for the first missing number, the second missing number should be the next in the sequence after 18, which is 18+4=22, but since 22 is not an option, the closest is 18. Therefore, the answer is 12,18.",D,
40035a15-1ebe-5c83-bb9e-003d5e187753,q11,4,['q11_0.png'],,[],,,A,A-D,,"The value of CAT is derived by adding the alphabetical positions of its letters: C(3) + A(1) + T(20) = 24. However, the value given is 12, which is half of 24. Applying the same logic to MAN: M(13) + A(1) + N(14) = 28. Half of 28 is 14, which is not in the options. The error in the question seems to be that the value of CAT should be 24, not 12. If we consider the given value 12 as correct, then we must divide the sum of MAN by 2, which gives us 14. However, since 14 is not an option and the closest to half of 28 is 15, the answer is D.",D,
40035a15-1ebe-5c83-bb9e-003d5e187753,q12,5,['q12_0.png'],,[],,,D,A-D,,"The code for 'FLARE' corresponds to the position of each letter in the reverse alphabet (Z=1, Y=2, ..., A=26). F=21, L=15, A=26, R=9, E=22. Applying the same logic to 'BRIEF', B=25, R=9, I=18, E=22, F=21. Therefore, the correct code for 'BRIEF' is 25, 9, 22, 18, 21.",D,
40035a15-1ebe-5c83-bb9e-003d5e187753,q13,5,['q13_0.png'],,[],,,C,A-D,,"The code is created by shifting each letter in the word one place forward in the alphabet. M becomes N, O becomes P, T becomes U, H becomes I, E becomes F, and R becomes S. Applying the same rule to ZENITH: Z becomes A, E becomes F, N becomes O, I becomes J, T becomes U, and H becomes I. Therefore, ZENITH is coded as AFOGHI, which corresponds to choice A.",A,
40035a15-1ebe-5c83-bb9e-003d5e187753,q14,5,['q14_0_c2.png'],,"['c2_0.png', 'c2_1.png']",,,D,A-D,,"To find the shortest path from A to I, add the time it takes to travel each path. ACEHI = 1+2+5+3=11, ACFGHI = 1+3+1+2+5=12, ACDGHI = 1+3+1+3+5=13, ABEHI = 3+5+3=11. Paths ACEHI and ABEHI both take 11 hours, but since ABEHI is not an option, ACEHI is the shortest valid path.",A,
40035a15-1ebe-5c83-bb9e-003d5e187753,q15,6,['q15_0_c2.png'],,"['c2_0.png', 'c2_1.png']",,,A,A-D,,"To find the total hours traveled, add the hours for each leg of the trip. Outbound: A to C (3) + C to D (2) + D to F (1) + F to G (2) + G to H (3) + H to I (5). Return: I to H (5) + H to E (3) + E to B (5) + B to A (1). Total: 3+2+1+2+3+5+5+3+5+1 = 30 hours. However, since 30 is not an option and the closest answer is 31, the correct answer is B.",B,
40035a15-1ebe-5c83-bb9e-003d5e187753,q16,6,['q16_0_c2.png'],,"['c2_0.png', 'c2_1.png']",,,B,A-D,,"The critical path is the longest path from A to I. Calculating the time for each path: ABEHI = 1+5+3+5 = 14, ACFGHI = 3+2+1+2+5 = 13, ACDGHI = 3+2+3+2+5 = 15, ACDFGHI = 3+2+1+1+2+5 = 14. The longest path is ACDGHI with a total time of 15 hours.",D,
40035a15-1ebe-5c83-bb9e-003d5e187753,q17,6,['q17_0_c3.png'],,['c3.png'],,,A,A-D,,"Given B=C^2 and C=D, we can substitute C with D in the equation B=C^2 to get B=D^2. Now, B + C/2 + D/2 becomes D^2 + D/2 + D/2. Since C=D, we can combine the terms with D to get D^2 + D. We know D=E^2 and E=A, so D=A^2. Substituting D with A^2 gives us A^2 + A. Given A+B=E, and substituting B with D^2, we get A+D^2=E, which means A^2 + A = E. Since E=A, the expression A^2 + A equals A. Therefore, the answer is A, which is 2.",A,
40035a15-1ebe-5c83-bb9e-003d5e187753,q18,6,['q18_0_c3.png'],,['c3.png'],,,C,A-D,,"Given A = B, B = C^2, C = D^2, D = E^2, E = A^2, and A + B = E. Since A = B, we can write A + A = A^2, which simplifies to 2A = A^2. Dividing both sides by A (assuming A is not zero), we get A = 2. Therefore, A^2 = 4 and E^2 = 4. The sum A^2 + E^2 is 4 + 4 = 8, which is a multiple of 2 greater than four and also a multiple of 4, which is a multiple of 2. However, since the answer must be one of the given choices and 8 is not a prime number nor greater than 10, the correct answer is 'a multiple of 3' because 8 is also a multiple of 2, which is a multiple of 3.",B,
40035a15-1ebe-5c83-bb9e-003d5e187753,q19,7,['q19_0_c3.png'],,['c3.png'],,,A,A-D,,"Using the given equations A=B, B=C^2, C=D, D=E^2, E=A^2, and A+B=E, we can substitute to find which expression is a multiple of 5. For option C, substituting A=B and B=C^2, we get 2E + B + 8B^2. Since E=A^2 and A=B, E=B^2. Thus, 2B^2 + B + 8B^2 = 10B^2 + B, which is a multiple of 5. Options A, B, and D do not simplify to a multiple of 5 when the substitutions are applied.",C,
40035a15-1ebe-5c83-bb9e-003d5e187753,q20,7,['q20_0_c3.png'],,['c3.png'],,,"[A,B,C,D]",A-D,,"Given A = B, B = C^2, C = D^2, D = E^2, and E = A^2. Substituting E = A^2 into D = E^2 gives D = (A^2)^2 = A^4. Substituting D = A^4 into C = D^2 gives C = (A^4)^2 = A^8. Substituting C = A^8 into B = C^2 gives B = (A^8)^2 = A^16. Therefore, A = B = A^16. To satisfy this equation, A must be 1 or 0, but since A + B = E, and E = A^2, A cannot be 0; thus A = 1. Substituting A = 1 into B = A^16 gives B = 1^16 = 1. Therefore, A = B^3 = 1^3 = 1.",B,
40035a15-1ebe-5c83-bb9e-003d5e187753,q21,7,['q21_0_c4.png'],,['c4.png'],,,A,A-D,,"The series shows a pattern of shapes within shapes. The first figure is a square within a circle, the second is a circle within a hexagon, and the fourth is a triangle within a square. The missing figure should be a hexagon within a triangle, which is option B.",B,
40035a15-1ebe-5c83-bb9e-003d5e187753,q22,7,['q22_0_c4.png'],,['c4.png'],,,B,A-D,,"The series shows a pattern of rotation and change in the shape. The first figure has a downward arrow, the second figure has an 'X' rotated 45 degrees clockwise. The third figure should be a square rotated 45 degrees clockwise, which is option 2. The fourth figure confirms this pattern with a circle and downward arrow rotated 45 degrees clockwise.",B,
40035a15-1ebe-5c83-bb9e-003d5e187753,q23,8,['q23_0_c4.png'],,['c4.png'],,,C,A-D,,"The series shows dominoes with increasing numbers of dots in a specific pattern. The first domino has 3 dots, the second has 5 dots, and the fourth has 7 dots. Following this pattern, the missing domino should have 6 dots, which is found in option B.",B,
40035a15-1ebe-5c83-bb9e-003d5e187753,q24,8,['q24_0_c5.png'],,['c5.png'],,,B,A-D,,"The odd one out is 'Long:High' because 'Hard:Soft', 'Sweet:Sour', and 'Pointed:Blunt' are pairs of opposites describing the same type of characteristic (texture, taste, and shape respectively). 'Long:High', however, are not opposites and describe different characteristics (length and height respectively).",B,
40035a15-1ebe-5c83-bb9e-003d5e187753,q25,8,['q25_0_c5.png'],,['c5.png'],,,"[A,B]",A-D,,"The numbers 8314, 1315, and 2518 are all divisible by 3, while the number 2709 is not divisible by 3. Therefore, 2709 is the odd one out among the given choices.",B,
40035a15-1ebe-5c83-bb9e-003d5e187753,q26,8,['q26_0_c5.png'],,['c5.png'],,,D,A-D,,"In options A, B, and C, all numbers are prime numbers. However, in option D, the number 14 is not a prime number, making it the odd one out. Prime numbers are numbers that are only divisible by 1 and themselves. Since 14 is divisible by 2 and 7, it is not a prime number.",D,
40035a15-1ebe-5c83-bb9e-003d5e187753,q27,8,['q27_0_c5.png'],,['c5.png'],,,B,A-D,,"In options A, B, and C, the sequence of letters follows a pattern where each letter is followed by the next letter in the alphabet after skipping one letter (e.g., D -> X -> C -> L -> Q -> Z, where E and W are skipped between D and X, etc.). However, in option D, the sequence does not follow this pattern (N -> W -> M -> B -> H -> J), as there is no consistent skipping pattern.",D,
40035a15-1ebe-5c83-bb9e-003d5e187753,q28,9,['q28_0.png'],,[],,,B,A-D,,"The sequence is a Fibonacci sequence, where each number is the sum of the two preceding ones. 13 + 21 = 34, and 8 + 13 = 21, so the missing number x that comes between 13 and 34 is 21.",B,
40035a15-1ebe-5c83-bb9e-003d5e187753,q29,9,['q29_0.png'],,[],,,B,A-D,,"The series alternates between division by √4 and multiplication by it. The first term is 3/√4, which simplifies to 3/2. The second term is 5/4. The third term is 7 divided by 4√4, which simplifies to 7/8. The fourth term is 9/6, which simplifies to 3/2. To continue the pattern, we multiply 9/6 by √4 to get 9√4/6√4, which simplifies to 12/16√4.",A,
40035a15-1ebe-5c83-bb9e-003d5e187753,q30,9,['q30_0.png'],,[],,,C,A-D,,"The series is a multiplication pattern where each number is multiplied by an increasing integer starting from 1. 2x1=2, 2x2=4 (not 3), 4x3=12 (not 10), 12x4=48 (not 40), 48x5=240 (not 172), 240x6=1440 (not 885). The wrong number in the given series is 885.",B,
40035a15-1ebe-5c83-bb9e-003d5e187753,q31,10,['q31_0.png'],,[],,,D,A-D,,"The series consists of letters in reverse alphabetical order with their corresponding positions' square as the number. W is the 23rd letter, S is the 19th, Q is the 17th, and O is the 15th. The missing letter should be the 21st letter, which is U, and the number should be the square of 11 (as 144 is 12 squared, and it's decreasing), which is 121. Therefore, the answer is U-121.",A,
40035a15-1ebe-5c83-bb9e-003d5e187753,q32,10,['q32_0.png'],,[],,,B,A-D,,"The series consists of sequences of letters in alphabetical order, each starting with the next letter of the previous sequence and skipping one more letter each time. AJK (skip 1), TUB (skip 2), IL (skip 3), SV (skip 4), CH (skip 5), MR (skip 6), WD (skip 7), GN (skip 8), QX (skip 9), EF (skip 10). The next sequence should start with O (skipping 11), which is P, and then skip 12 to get Y. Therefore, the next two letters are PY.",B,
40035a15-1ebe-5c83-bb9e-003d5e187753,q33,10,['q33_0.png'],,[],,,D,A-D,,"For 'A' to be the daughter of 'B', 'A' must be the son or daughter of 'B'. Since 'P x Q' means 'P' is the son of 'Q', 'A' can be the son of 'B' using 'x'. However, 'A' needs to be the daughter, so we need 'A' to be the sister of 'B's son or daughter. 'P-Q' means 'P' is the sister of 'Q'. Therefore, 'D x B' means 'D' is the son of 'B', and 'C+A' means 'C' is the husband of 'A'. So 'D x B+C+A' means 'A' is the daughter of 'B'.",C,
40035a15-1ebe-5c83-bb9e-003d5e187753,q34,10,['q34_0.png'],,[],,,D,A-D,,"P moves 10 meters forward, then 10 meters right. Turning left, P walks 5 meters, then 15 meters left again, which brings him back on the line he started from but 5 meters ahead of the starting point. Finally, P walks 15 meters left, perpendicular to the starting line. To find the distance from the starting point, we use the Pythagorean theorem: sqrt((10+5)^2 + 15^2) = sqrt(225 + 225) = sqrt(450) = 3*sqrt(50) = 3*5*sqrt(2) = 15*sqrt(2). The closest value to 15*sqrt(2) is 4 meters.",B,
40035a15-1ebe-5c83-bb9e-003d5e187753,q35,11,['q35_0.png'],,[],,,A,A-D,,"The potato and tomato are both vegetables, so they should be represented within the larger 'vegetable' category. Option A shows two circles (potato and tomato) fully enclosed within a larger circle (vegetable), correctly representing the relationship where both potato and tomato are subsets of vegetables.",A,
40035a15-1ebe-5c83-bb9e-003d5e187753,q36,11,"['q36_0.png', 'q36_1.png', 'q36_2.png']",,[],,,D,A-D,,"In the Venn diagram, graduates are represented by the circle on the right, peons by the circle on the left, and those not satisfied by the outside of the rectangle. The area representing graduates and peons but not satisfied is the intersection of the graduate and peon circles, excluding any parts outside the rectangle. This is represented by the area labeled 'e'. Therefore, the correct answer is 'e'.",B,
40035a15-1ebe-5c83-bb9e-003d5e187753,q37,12,['q37_0.png'],,[],,,D,A-D,,"In a telephone directory, names are listed in alphabetical order. To find the middle name, we arrange them: Sajevan, Sajewat, Sajewet, Segvan, Salwar. Sajevan is the third name out of five, making it the middle name. Therefore, the correct answer is C, Sajevan.",C,
40035a15-1ebe-5c83-bb9e-003d5e187753,q38,12,['q38_0.png'],,[],,,B,A-D,,"In series A, C to E is +2, E to G is +2, and so on, following a +2 pattern. In series C, P to R is +2, R to T is +2, and so on, also following a +2 pattern. In series D, Z to B is +2 (circularly), B to D is +2, and so on, following a +2 pattern. Series B does not follow a consistent pattern; M to O is +2, O to R is +3, R to T is +2, T to V is +2, and V to X is +2. The inconsistency makes B the correct answer.",B,
40035a15-1ebe-5c83-bb9e-003d5e187753,q39,12,"['q39_0.png', 'q39_1.png', 'q39_2.png']",,[],,,A,A-D,,"Candidates who passed in at least two subjects are represented by the overlapping regions of the circles. Adding these up gives 15 (Chemistry and Physics) + 28 (Chemistry and English) + 22 (Physics and English) + 10 (all three subjects) = 75. To find the percentage, divide 75 by the total number of candidates, 600, and multiply by 100: (75/600)*100 = 12.5%.",A,
40035a15-1ebe-5c83-bb9e-003d5e187753,q40,12,['q40_0.png'],,[],,,B,A-D,,"To find the total number of students, add Rahul's position from the top to his position from the bottom and subtract 1 (since Rahul is counted twice). So, 9 (from the top) + 38 (from the bottom) - 1 = 46. Therefore, there are 46 students in the class.",B,
40035a15-1ebe-5c83-bb9e-003d5e187753,q41,13,"['q41_0.png', 'q41_1.png', 'q41_2.png']",,[],,,"[B,C]",A-D,,"The illiterate females who do not leave the village are represented by the intersection of the triangle (Illiterate Women) and the rectangle (Women), but not the circle (Village Resident Females). The number in the intersection of the triangle and rectangle, but outside the circle, is 11. Therefore, the correct answer is B. 11.",B,
40035a15-1ebe-5c83-bb9e-003d5e187753,q42,13,['q42_0.png'],,[],,,A,A-D,,"If 1st December 1991 is a Sunday, then the next Sunday would be on the 8th, followed by the 15th and 22nd. The days between Sundays are Monday to Saturday. Therefore, the first Tuesday would be on the 3rd, the second on the 10th, the third on the 17th, and the fourth Tuesday would be on the 24th of December 1991.",B,
40035a15-1ebe-5c83-bb9e-003d5e187753,q43,13,['q43_0.png'],,[],,,B,A-D,,"From the given statements, we can deduce the order of books from top to bottom: C is above D, D is above A, E is below A, and B is below E. Therefore, the sequence is C, D, A, E, B. Since B is below E and no other book is mentioned as being below B, B must be at the bottom. Hence, the correct answer is B, which corresponds to choice C.",C,
40035a15-1ebe-5c83-bb9e-003d5e187753,q44,14,['q44_0.png'],,[],,,C,A-D,,"The number of matches in a round-robin tournament can be calculated using the formula n(n-1)/2, where n is the number of players. For six players, the calculation is 6(6-1)/2 = 6*5/2 = 30/2 = 15. Therefore, there will be 15 matches played during the tournament.",B,
40035a15-1ebe-5c83-bb9e-003d5e187753,q45,14,['q45_0.png'],,[],,,C,A-D,,"Let the number of men be m. Then, women are m+2 and children are m-4. The total is m + (m+2) + (m-4) = 43. Simplifying, 3m - 2 = 43, so 3m = 45, and m = 15. Therefore, the number of women is m+2, which is 15+2 = 17.",D,
40035a15-1ebe-5c83-bb9e-003d5e187753,q46,14,"['q46_0_c6.png', 'q46_1_c6.png']",,['c6.png'],,,A,A-D,,"A water-image is a reflection across a horizontal line. The image should be flipped vertically. Option 3 is the correct water-image of figure (X). It is the only option where the figure is flipped vertically, with the shorter line segments on the top side of the horizontal line and the longer line segments on the bottom, maintaining the correct orientation relative to the horizontal axis.",C,
40035a15-1ebe-5c83-bb9e-003d5e187753,q47,15,"['q47_0_c6.png', 'q47_1_c6.png']",,['c6.png'],,,C,A-D,,"A water-image is a reflection across a horizontal line. The correct water-image of figure (X) would have the circle at the top and the square at the bottom, with the 'X' and '+' symbols also flipped vertically. Among the given choices, only option 3 correctly represents this water-image, with the circle at the top and the square at the bottom, and the 'X' and '+' symbols flipped vertically.",C,
40035a15-1ebe-5c83-bb9e-003d5e187753,q48,15,"['q48_0.png', 'q48_1.png', 'q48_2.png']",,[],,,A,A-D,,"To find the number of triangles, count systematically. The large triangle is divided into 4 smaller triangles by its medians. Each of these smaller triangles contains 4 triangles (1 large and 3 small). So, 4 small triangles each with 4 triangles gives us 16. The central inverted triangle makes 17. Each of the 3 corners has a shape that contains 4 triangles, adding 12 more triangles, totaling 29. Finally, there is 1 large triangle encompassing everything. Adding all up gives us 29 + 1 = 30 triangles.",C,
40035a15-1ebe-5c83-bb9e-003d5e187753,q49,16,['q49_0_c7.png'],,['c7.png'],,,C,A-D,,"A cube has 12 edges, and when it is cut into 64 smaller cubes, each edge of the original cube contains 4 smaller cubes with 2 red faces. So, 12 edges each with 4 such cubes gives 12*4=48. However, each corner cube is counted twice, once for each edge it touches, and there are 8 corners. So we subtract 8*2=16 from 48 to avoid double counting, resulting in 48-16=32. But we need cubes with 'at least' 2 red faces, which excludes the 8 corner cubes with 3 red faces, so we subtract these 8 from 32 to get 24. However, the question asks for 'at least' two surfaces, so we must include these 8 corner cubes, giving us 24+8=32. But since 32 is not an option and we've overcounted, we must re-evaluate our calculation. The correct count is actually the 24 edge cubes without the corners, as they are the only ones with exactly 2 red faces. Thus, the answer is 24.",B,
40035a15-1ebe-5c83-bb9e-003d5e187753,q50,16,['q50_0_c7.png'],,['c7.png'],,,A,A-D,,"A cube has 12 edges, and when it is cut into 64 smaller cubes, each edge of the original cube will be shared by 4 smaller cubes. These smaller cubes will have two of their surfaces painted red (one on the top/bottom and one on the side). Since there are 12 edges, and each edge has 4 such cubes, there are 12 * 4 = 48 cubes with at least one red face. However, only the cubes on the corners of each edge have exactly two red faces, and there are 24 such cubes. But since each corner cube is counted twice (once for each edge it touches), we divide by 2 to get the correct count of cubes with two red faces: 24 / 2 = 12.",C,